# Logger: PatternLogger | Started: Wed Oct 15 15:07:31 EDT 2025
fired_at,pattern_name,pattern_type,subpatterns,subpattern_confidences,num_subpatterns,num_events,confidence,nested_event_ids
2025-10-15 15:07:38.428,HighWaveHeight_75,atomic,[HighWaveHeight_75],[0.8425],1,1,0.8425,[[MontroseBeach201505201500_Wave_Height]]
2025-10-15 15:07:38.582,HighWaveHeight_75,atomic,[HighWaveHeight_75],[1.0000],1,1,1.0000,[[MontroseBeach201505201600_Wave_Height]]
2025-10-15 15:07:38.583,HighWaveHeight_85,atomic,[HighWaveHeight_85],[1.0000],1,1,1.0000,[[MontroseBeach201505201600_Wave_Height]]
2025-10-15 15:07:38.584,HighWaveHeight_95,atomic,[HighWaveHeight_95],[1.0000],1,1,1.0000,[[MontroseBeach201505201600_Wave_Height]]
2025-10-15 15:07:38.730,HighWaveHeight_75,atomic,[HighWaveHeight_75],[0.8362],1,1,0.8362,[[MontroseBeach201505201700_Wave_Height]]
2025-10-15 15:07:38.887,HighWaveHeight_75,atomic,[HighWaveHeight_75],[1.0000],1,1,1.0000,[[MontroseBeach201505201800_Wave_Height]]
2025-10-15 15:07:38.887,HighWaveHeight_85,atomic,[HighWaveHeight_85],[1.0000],1,1,1.0000,[[MontroseBeach201505201800_Wave_Height]]
2025-10-15 15:07:38.888,HighWaveHeight_95,atomic,[HighWaveHeight_95],[1.0000],1,1,1.0000,[[MontroseBeach201505201800_Wave_Height]]
2025-10-15 15:07:39.017,HighWaveHeight_75,atomic,[HighWaveHeight_75],[1.0000],1,1,1.0000,[[MontroseBeach201505201900_Wave_Height]]
2025-10-15 15:07:39.018,HighWaveHeight_85,atomic,[HighWaveHeight_85],[1.0000],1,1,1.0000,[[MontroseBeach201505201900_Wave_Height]]
2025-10-15 15:07:39.018,HighWaveHeight_95,atomic,[HighWaveHeight_95],[1.0000],1,1,1.0000,[[MontroseBeach201505201900_Wave_Height]]
2025-10-15 15:07:39.302,HighWaveHeight_75,atomic,[HighWaveHeight_75],[0.8619],1,1,0.8619,[[MontroseBeach201505202100_Wave_Height]]
2025-10-15 15:07:39.303,HighWaveHeight_85,atomic,[HighWaveHeight_85],[0.8619],1,1,0.8619,[[MontroseBeach201505202100_Wave_Height]]
2025-10-15 15:07:42.787,LongWavePeriod_75,atomic,[LongWavePeriod_75],[1.0000],1,1,1.0000,[[MontroseBeach201505212300_Wave_Period]]
2025-10-15 15:07:42.788,LongWavePeriod_85,atomic,[LongWavePeriod_85],[1.0000],1,1,1.0000,[[MontroseBeach201505212300_Wave_Period]]
2025-10-15 15:07:42.788,LongWavePeriod_95,atomic,[LongWavePeriod_95],[1.0000],1,1,1.0000,[[MontroseBeach201505212300_Wave_Period]]
2025-10-15 15:07:56.201,LongWavePeriod_75,atomic,[LongWavePeriod_75],[1.0000],1,1,1.0000,[[MontroseBeach201505261700_Wave_Period]]
2025-10-15 15:07:56.202,LongWavePeriod_85,atomic,[LongWavePeriod_85],[1.0000],1,1,1.0000,[[MontroseBeach201505261700_Wave_Period]]
2025-10-15 15:07:56.202,LongWavePeriod_95,atomic,[LongWavePeriod_95],[1.0000],1,1,1.0000,[[MontroseBeach201505261700_Wave_Period]]
2025-10-15 15:07:56.903,LongWavePeriod_75,atomic,[LongWavePeriod_75],[1.0000],1,1,1.0000,[[MontroseBeach201505262300_Wave_Period]]
2025-10-15 15:07:56.904,LongWavePeriod_85,atomic,[LongWavePeriod_85],[1.0000],1,1,1.0000,[[MontroseBeach201505262300_Wave_Period]]
2025-10-15 15:07:56.904,LongWavePeriod_95,atomic,[LongWavePeriod_95],[1.0000],1,1,1.0000,[[MontroseBeach201505262300_Wave_Period]]
2025-10-15 15:07:57.032,LongWavePeriod_75,atomic,[LongWavePeriod_75],[0.9146],1,1,0.9146,[[MontroseBeach201505272400_Wave_Period]]
2025-10-15 15:07:57.033,LongWavePeriod_85,atomic,[LongWavePeriod_85],[0.9146],1,1,0.9146,[[MontroseBeach201505272400_Wave_Period]]
2025-10-15 15:07:57.685,LongWavePeriod_75,atomic,[LongWavePeriod_75],[1.0000],1,1,1.0000,[[MontroseBeach201505270900_Wave_Period]]
2025-10-15 15:07:57.686,LongWavePeriod_85,atomic,[LongWavePeriod_85],[1.0000],1,1,1.0000,[[MontroseBeach201505270900_Wave_Period]]
2025-10-15 15:07:57.686,LongWavePeriod_95,atomic,[LongWavePeriod_95],[1.0000],1,1,1.0000,[[MontroseBeach201505270900_Wave_Period]]
2025-10-15 15:07:57.871,LongWavePeriod_75,atomic,[LongWavePeriod_75],[1.0000],1,1,1.0000,[[MontroseBeach201505271100_Wave_Period]]
2025-10-15 15:07:57.872,LongWavePeriod_85,atomic,[LongWavePeriod_85],[1.0000],1,1,1.0000,[[MontroseBeach201505271100_Wave_Period]]
2025-10-15 15:07:57.872,LongWavePeriod_95,atomic,[LongWavePeriod_95],[1.0000],1,1,1.0000,[[MontroseBeach201505271100_Wave_Period]]
2025-10-15 15:07:58.015,LongWavePeriod_75,atomic,[LongWavePeriod_75],[0.9237],1,1,0.9237,[[MontroseBeach201505271200_Wave_Period]]
2025-10-15 15:07:58.016,LongWavePeriod_85,atomic,[LongWavePeriod_85],[0.9237],1,1,0.9237,[[MontroseBeach201505271200_Wave_Period]]
2025-10-15 15:07:58.409,LongWavePeriod_75,atomic,[LongWavePeriod_75],[1.0000],1,1,1.0000,[[MontroseBeach201505271700_Wave_Period]]
2025-10-15 15:07:58.409,LongWavePeriod_85,atomic,[LongWavePeriod_85],[1.0000],1,1,1.0000,[[MontroseBeach201505271700_Wave_Period]]
2025-10-15 15:07:58.410,LongWavePeriod_95,atomic,[LongWavePeriod_95],[1.0000],1,1,1.0000,[[MontroseBeach201505271700_Wave_Period]]
2025-10-15 15:08:02.451,LongWavePeriod_75,atomic,[LongWavePeriod_75],[1.0000],1,1,1.0000,[[MontroseBeach201505291600_Wave_Period]]
2025-10-15 15:08:02.451,LongWavePeriod_85,atomic,[LongWavePeriod_85],[1.0000],1,1,1.0000,[[MontroseBeach201505291600_Wave_Period]]
2025-10-15 15:08:02.451,LongWavePeriod_95,atomic,[LongWavePeriod_95],[1.0000],1,1,1.0000,[[MontroseBeach201505291600_Wave_Period]]
2025-10-15 15:08:02.609,LongWavePeriod_75,atomic,[LongWavePeriod_75],[1.0000],1,1,1.0000,[[MontroseBeach201505291700_Wave_Period]]
2025-10-15 15:08:02.609,LongWavePeriod_85,atomic,[LongWavePeriod_85],[1.0000],1,1,1.0000,[[MontroseBeach201505291700_Wave_Period]]
2025-10-15 15:08:02.610,LongWavePeriod_95,atomic,[LongWavePeriod_95],[1.0000],1,1,1.0000,[[MontroseBeach201505291700_Wave_Period]]
2025-10-15 15:08:03.383,LongWavePeriod_75,atomic,[LongWavePeriod_75],[1.0000],1,1,1.0000,[[MontroseBeach201505292300_Wave_Period]]
2025-10-15 15:08:03.383,LongWavePeriod_85,atomic,[LongWavePeriod_85],[1.0000],1,1,1.0000,[[MontroseBeach201505292300_Wave_Period]]
2025-10-15 15:08:03.383,LongWavePeriod_95,atomic,[LongWavePeriod_95],[1.0000],1,1,1.0000,[[MontroseBeach201505292300_Wave_Period]]
2025-10-15 15:08:05.163,HighWaveHeight_75,atomic,[HighWaveHeight_75],[1.0000],1,1,1.0000,[[MontroseBeach201505301200_Wave_Height]]
2025-10-15 15:08:05.164,HighWaveHeight_85,atomic,[HighWaveHeight_85],[1.0000],1,1,1.0000,[[MontroseBeach201505301200_Wave_Height]]
2025-10-15 15:08:05.164,HighWaveHeight_95,atomic,[HighWaveHeight_95],[1.0000],1,1,1.0000,[[MontroseBeach201505301200_Wave_Height]]
2025-10-15 15:08:05.586,HighWaveHeight_75,atomic,[HighWaveHeight_75],[1.0000],1,1,1.0000,[[MontroseBeach201505301500_Wave_Height]]
2025-10-15 15:08:05.587,HighWaveHeight_85,atomic,[HighWaveHeight_85],[1.0000],1,1,1.0000,[[MontroseBeach201505301500_Wave_Height]]
2025-10-15 15:08:05.587,HighWaveHeight_95,atomic,[HighWaveHeight_95],[1.0000],1,1,1.0000,[[MontroseBeach201505301500_Wave_Height]]
2025-10-15 15:08:05.726,HighWaveHeight_75,atomic,[HighWaveHeight_75],[1.0000],1,1,1.0000,[[MontroseBeach201505301600_Wave_Height]]
2025-10-15 15:08:05.726,HighWaveHeight_85,atomic,[HighWaveHeight_85],[1.0000],1,1,1.0000,[[MontroseBeach201505301600_Wave_Height]]
2025-10-15 15:08:05.727,HighWaveHeight_95,atomic,[HighWaveHeight_95],[1.0000],1,1,1.0000,[[MontroseBeach201505301600_Wave_Height]]
2025-10-15 15:08:05.806,HighWaveHeight_75,atomic,[HighWaveHeight_75],[1.0000],1,1,1.0000,[[63rdStreetBeach201505301400_Wave_Height]]
2025-10-15 15:08:05.807,HighWaveHeight_85,atomic,[HighWaveHeight_85],[1.0000],1,1,1.0000,[[63rdStreetBeach201505301400_Wave_Height]]
2025-10-15 15:08:05.807,HighWaveHeight_95,atomic,[HighWaveHeight_95],[1.0000],1,1,1.0000,[[63rdStreetBeach201505301400_Wave_Height]]
2025-10-15 15:08:05.868,HighWaveHeight_75,atomic,[HighWaveHeight_75],[1.0000],1,1,1.0000,[[MontroseBeach201505301700_Wave_Height]]
2025-10-15 15:08:05.868,HighWaveHeight_85,atomic,[HighWaveHeight_85],[1.0000],1,1,1.0000,[[MontroseBeach201505301700_Wave_Height]]
2025-10-15 15:08:05.868,HighWaveHeight_95,atomic,[HighWaveHeight_95],[1.0000],1,1,1.0000,[[MontroseBeach201505301700_Wave_Height]]
2025-10-15 15:08:06.020,HighWaveHeight_75,atomic,[HighWaveHeight_75],[0.8789],1,1,0.8789,[[MontroseBeach201505301800_Wave_Height]]
2025-10-15 15:08:06.020,HighWaveHeight_85,atomic,[HighWaveHeight_85],[0.8789],1,1,0.8789,[[MontroseBeach201505301800_Wave_Height]]
2025-10-15 15:08:06.174,HighWaveHeight_75,atomic,[HighWaveHeight_75],[1.0000],1,1,1.0000,[[MontroseBeach201505301900_Wave_Height]]
2025-10-15 15:08:06.175,HighWaveHeight_85,atomic,[HighWaveHeight_85],[1.0000],1,1,1.0000,[[MontroseBeach201505301900_Wave_Height]]
2025-10-15 15:08:06.175,HighWaveHeight_95,atomic,[HighWaveHeight_95],[1.0000],1,1,1.0000,[[MontroseBeach201505301900_Wave_Height]]
2025-10-15 15:08:06.250,HighWaveHeight_75,atomic,[HighWaveHeight_75],[1.0000],1,1,1.0000,[[63rdStreetBeach201505301700_Wave_Height]]
2025-10-15 15:08:06.250,HighWaveHeight_85,atomic,[HighWaveHeight_85],[1.0000],1,1,1.0000,[[63rdStreetBeach201505301700_Wave_Height]]
2025-10-15 15:08:06.250,HighWaveHeight_95,atomic,[HighWaveHeight_95],[1.0000],1,1,1.0000,[[63rdStreetBeach201505301700_Wave_Height]]
2025-10-15 15:08:06.312,HighWaveHeight_75,atomic,[HighWaveHeight_75],[0.8682],1,1,0.8682,[[MontroseBeach201505302000_Wave_Height]]
2025-10-15 15:08:06.312,HighWaveHeight_85,atomic,[HighWaveHeight_85],[0.8682],1,1,0.8682,[[MontroseBeach201505302000_Wave_Height]]
2025-10-15 15:08:06.325,LongWavePeriod_75,atomic,[LongWavePeriod_75],[1.0000],1,1,1.0000,[[MontroseBeach201505302000_Wave_Period]]
2025-10-15 15:08:06.326,LongWavePeriod_85,atomic,[LongWavePeriod_85],[1.0000],1,1,1.0000,[[MontroseBeach201505302000_Wave_Period]]
2025-10-15 15:08:06.326,LongWavePeriod_95,atomic,[LongWavePeriod_95],[1.0000],1,1,1.0000,[[MontroseBeach201505302000_Wave_Period]]
2025-10-15 15:08:06.374,LongWavePeriod_75,atomic,[LongWavePeriod_75],[1.0000],1,1,1.0000,[[CalumetBeach201505302100_Wave_Period]]
2025-10-15 15:08:06.375,LongWavePeriod_85,atomic,[LongWavePeriod_85],[1.0000],1,1,1.0000,[[CalumetBeach201505302100_Wave_Period]]
2025-10-15 15:08:06.375,LongWavePeriod_95,atomic,[LongWavePeriod_95],[1.0000],1,1,1.0000,[[CalumetBeach201505302100_Wave_Period]]
2025-10-15 15:08:06.411,HighWaveHeight_75,atomic,[HighWaveHeight_75],[0.8407],1,1,0.8407,[[MontroseBeach201505302100_Wave_Height]]
2025-10-15 15:08:06.422,LongWavePeriod_75,atomic,[LongWavePeriod_75],[1.0000],1,1,1.0000,[[MontroseBeach201505302100_Wave_Period]]
2025-10-15 15:08:06.422,LongWavePeriod_85,atomic,[LongWavePeriod_85],[1.0000],1,1,1.0000,[[MontroseBeach201505302100_Wave_Period]]
2025-10-15 15:08:06.422,LongWavePeriod_95,atomic,[LongWavePeriod_95],[1.0000],1,1,1.0000,[[MontroseBeach201505302100_Wave_Period]]
2025-10-15 15:08:06.460,HighWaveHeight_75,atomic,[HighWaveHeight_75],[1.0000],1,1,1.0000,[[CalumetBeach201505302200_Wave_Height]]
2025-10-15 15:08:06.460,HighWaveHeight_85,atomic,[HighWaveHeight_85],[1.0000],1,1,1.0000,[[CalumetBeach201505302200_Wave_Height]]
2025-10-15 15:08:06.460,HighWaveHeight_95,atomic,[HighWaveHeight_95],[1.0000],1,1,1.0000,[[CalumetBeach201505302200_Wave_Height]]
2025-10-15 15:08:06.519,HighWaveHeight_75,atomic,[HighWaveHeight_75],[1.0000],1,1,1.0000,[[MontroseBeach201505302200_Wave_Height]]
2025-10-15 15:08:06.519,HighWaveHeight_85,atomic,[HighWaveHeight_85],[1.0000],1,1,1.0000,[[MontroseBeach201505302200_Wave_Height]]
2025-10-15 15:08:06.519,HighWaveHeight_95,atomic,[HighWaveHeight_95],[1.0000],1,1,1.0000,[[MontroseBeach201505302200_Wave_Height]]
2025-10-15 15:08:06.621,LongWavePeriod_75,atomic,[LongWavePeriod_75],[1.0000],1,1,1.0000,[[MontroseBeach201505302300_Wave_Period]]
2025-10-15 15:08:06.621,LongWavePeriod_85,atomic,[LongWavePeriod_85],[1.0000],1,1,1.0000,[[MontroseBeach201505302300_Wave_Period]]
2025-10-15 15:08:06.621,LongWavePeriod_95,atomic,[LongWavePeriod_95],[1.0000],1,1,1.0000,[[MontroseBeach201505302300_Wave_Period]]
2025-10-15 15:08:06.694,HighWaveHeight_75,atomic,[HighWaveHeight_75],[0.8152],1,1,0.8152,[[MontroseBeach201505312400_Wave_Height]]
2025-10-15 15:08:06.706,LongWavePeriod_75,atomic,[LongWavePeriod_75],[0.9278],1,1,0.9278,[[MontroseBeach201505312400_Wave_Period]]
2025-10-15 15:08:06.707,LongWavePeriod_85,atomic,[LongWavePeriod_85],[0.9278],1,1,0.9278,[[MontroseBeach201505312400_Wave_Period]]
2025-10-15 15:08:06.800,LongWavePeriod_75,atomic,[LongWavePeriod_75],[0.8567],1,1,0.8567,[[CalumetBeach201505310200_Wave_Period]]
2025-10-15 15:08:06.801,LongWavePeriod_85,atomic,[LongWavePeriod_85],[0.8567],1,1,0.8567,[[CalumetBeach201505310200_Wave_Period]]
2025-10-15 15:08:06.852,LongWavePeriod_75,atomic,[LongWavePeriod_75],[0.9012],1,1,0.9012,[[MontroseBeach201505310200_Wave_Period]]
2025-10-15 15:08:06.852,LongWavePeriod_85,atomic,[LongWavePeriod_85],[0.9012],1,1,0.9012,[[MontroseBeach201505310200_Wave_Period]]
2025-10-15 15:08:06.948,LongWavePeriod_75,atomic,[LongWavePeriod_75],[0.8854],1,1,0.8854,[[MontroseBeach201505310300_Wave_Period]]
2025-10-15 15:08:06.948,LongWavePeriod_85,atomic,[LongWavePeriod_85],[0.8854],1,1,0.8854,[[MontroseBeach201505310300_Wave_Period]]
2025-10-15 15:08:06.986,HighTurbidity_75,atomic,[HighTurbidity_75],[1.0000],1,1,1.0000,[[CalumetBeach201505310400_Turbidity]]
2025-10-15 15:08:06.986,HighTurbidity_85,atomic,[HighTurbidity_85],[1.0000],1,1,1.0000,[[CalumetBeach201505310400_Turbidity]]
2025-10-15 15:08:06.986,HighTurbidity_95,atomic,[HighTurbidity_95],[1.0000],1,1,1.0000,[[CalumetBeach201505310400_Turbidity]]
2025-10-15 15:08:06.999,LongWavePeriod_75,atomic,[LongWavePeriod_75],[0.8863],1,1,0.8863,[[CalumetBeach201505310400_Wave_Period]]
2025-10-15 15:08:06.999,LongWavePeriod_85,atomic,[LongWavePeriod_85],[0.8863],1,1,0.8863,[[CalumetBeach201505310400_Wave_Period]]
2025-10-15 15:08:07.095,LongWavePeriod_75,atomic,[LongWavePeriod_75],[0.8699],1,1,0.8699,[[CalumetBeach201505310500_Wave_Period]]
2025-10-15 15:08:07.095,LongWavePeriod_85,atomic,[LongWavePeriod_85],[0.8699],1,1,0.8699,[[CalumetBeach201505310500_Wave_Period]]
2025-10-15 15:08:07.132,HighWaveHeight_75,atomic,[HighWaveHeight_75],[1.0000],1,1,1.0000,[[MontroseBeach201505310500_Wave_Height]]
2025-10-15 15:08:07.132,HighWaveHeight_85,atomic,[HighWaveHeight_85],[1.0000],1,1,1.0000,[[MontroseBeach201505310500_Wave_Height]]
2025-10-15 15:08:07.132,HighWaveHeight_95,atomic,[HighWaveHeight_95],[1.0000],1,1,1.0000,[[MontroseBeach201505310500_Wave_Height]]
2025-10-15 15:08:07.156,HighTurbidity_75,atomic,[HighTurbidity_75],[0.8301],1,1,0.8301,[[CalumetBeach201505310600_Turbidity]]
2025-10-15 15:08:07.192,LongWavePeriod_75,atomic,[LongWavePeriod_75],[0.8518],1,1,0.8518,[[CalumetBeach201505310600_Wave_Period]]
2025-10-15 15:08:07.193,LongWavePeriod_85,atomic,[LongWavePeriod_85],[0.8518],1,1,0.8518,[[CalumetBeach201505310600_Wave_Period]]
2025-10-15 15:08:07.229,HighWaveHeight_75,atomic,[HighWaveHeight_75],[0.7782],1,1,0.7782,[[MontroseBeach201505310600_Wave_Height]]
2025-10-15 15:08:07.265,HighTurbidity_75,atomic,[HighTurbidity_75],[0.8100],1,1,0.8100,[[CalumetBeach201505310700_Turbidity]]
2025-10-15 15:08:07.290,LongWavePeriod_75,atomic,[LongWavePeriod_75],[0.8322],1,1,0.8322,[[CalumetBeach201505310700_Wave_Period]]
2025-10-15 15:08:07.327,HighWaveHeight_75,atomic,[HighWaveHeight_75],[1.0000],1,1,1.0000,[[MontroseBeach201505310700_Wave_Height]]
2025-10-15 15:08:07.327,HighWaveHeight_85,atomic,[HighWaveHeight_85],[1.0000],1,1,1.0000,[[MontroseBeach201505310700_Wave_Height]]
2025-10-15 15:08:07.327,HighWaveHeight_95,atomic,[HighWaveHeight_95],[1.0000],1,1,1.0000,[[MontroseBeach201505310700_Wave_Height]]
2025-10-15 15:08:07.355,HighTurbidity_75,atomic,[HighTurbidity_75],[0.7884],1,1,0.7884,[[CalumetBeach201505310800_Turbidity]]
2025-10-15 15:08:07.436,LongWavePeriod_75,atomic,[LongWavePeriod_75],[0.8111],1,1,0.8111,[[CalumetBeach201505310800_Wave_Period]]
2025-10-15 15:08:07.472,HighWaveHeight_75,atomic,[HighWaveHeight_75],[0.8181],1,1,0.8181,[[MontroseBeach201505310800_Wave_Height]]
2025-10-15 15:08:07.506,HighTurbidity_75,atomic,[HighTurbidity_75],[0.7656],1,1,0.7656,[[CalumetBeach201505310900_Turbidity]]
2025-10-15 15:08:07.565,HighWaveHeight_75,atomic,[HighWaveHeight_75],[0.7889],1,1,0.7889,[[MontroseBeach201505310900_Wave_Height]]
2025-10-15 15:08:07.578,LongWavePeriod_75,atomic,[LongWavePeriod_75],[0.9386],1,1,0.9386,[[MontroseBeach201505310900_Wave_Period]]
2025-10-15 15:08:07.579,LongWavePeriod_85,atomic,[LongWavePeriod_85],[0.9386],1,1,0.9386,[[MontroseBeach201505310900_Wave_Period]]
2025-10-15 15:08:07.650,HighWaveHeight_75,atomic,[HighWaveHeight_75],[0.7569],1,1,0.7569,[[MontroseBeach201505311000_Wave_Height]]
2025-10-15 15:08:07.674,LongWavePeriod_75,atomic,[LongWavePeriod_75],[0.9280],1,1,0.9280,[[MontroseBeach201505311000_Wave_Period]]
2025-10-15 15:08:07.674,LongWavePeriod_85,atomic,[LongWavePeriod_85],[0.9280],1,1,0.9280,[[MontroseBeach201505311000_Wave_Period]]
2025-10-15 15:08:07.772,LongWavePeriod_75,atomic,[LongWavePeriod_75],[0.8534],1,1,0.8534,[[CalumetBeach201505311100_Wave_Period]]
2025-10-15 15:08:07.772,LongWavePeriod_85,atomic,[LongWavePeriod_85],[0.8534],1,1,0.8534,[[CalumetBeach201505311100_Wave_Period]]
2025-10-15 15:08:07.820,LongWavePeriod_75,atomic,[LongWavePeriod_75],[0.9159],1,1,0.9159,[[MontroseBeach201505311100_Wave_Period]]
2025-10-15 15:08:07.820,LongWavePeriod_85,atomic,[LongWavePeriod_85],[0.9159],1,1,0.9159,[[MontroseBeach201505311100_Wave_Period]]
2025-10-15 15:08:07.867,LongWavePeriod_75,atomic,[LongWavePeriod_75],[0.8351],1,1,0.8351,[[CalumetBeach201505311200_Wave_Period]]
2025-10-15 15:08:07.914,LongWavePeriod_75,atomic,[LongWavePeriod_75],[0.9023],1,1,0.9023,[[MontroseBeach201505311200_Wave_Period]]
2025-10-15 15:08:07.915,LongWavePeriod_85,atomic,[LongWavePeriod_85],[0.9023],1,1,0.9023,[[MontroseBeach201505311200_Wave_Period]]
2025-10-15 15:08:07.971,LongWavePeriod_75,atomic,[LongWavePeriod_75],[0.8154],1,1,0.8154,[[CalumetBeach201505311300_Wave_Period]]
2025-10-15 15:08:08.007,LongWavePeriod_75,atomic,[LongWavePeriod_75],[0.8870],1,1,0.8870,[[MontroseBeach201505311300_Wave_Period]]
2025-10-15 15:08:08.008,LongWavePeriod_85,atomic,[LongWavePeriod_85],[0.8870],1,1,0.8870,[[MontroseBeach201505311300_Wave_Period]]
2025-10-15 15:08:08.019,HighWaveHeight_75,atomic,[HighWaveHeight_75],[1.0000],1,1,1.0000,[[MontroseBeach201505311300_Wave_Height]]
2025-10-15 15:08:08.019,HighWaveHeight_85,atomic,[HighWaveHeight_85],[1.0000],1,1,1.0000,[[MontroseBeach201505311300_Wave_Height]]
2025-10-15 15:08:08.019,HighWaveHeight_95,atomic,[HighWaveHeight_95],[1.0000],1,1,1.0000,[[MontroseBeach201505311300_Wave_Height]]
2025-10-15 15:08:08.080,LongWavePeriod_75,atomic,[LongWavePeriod_75],[0.7943],1,1,0.7943,[[CalumetBeach201505311400_Wave_Period]]
2025-10-15 15:08:08.116,HighWaveHeight_75,atomic,[HighWaveHeight_75],[1.0000],1,1,1.0000,[[63rdStreetBeach201505311100_Wave_Height]]
2025-10-15 15:08:08.117,HighWaveHeight_85,atomic,[HighWaveHeight_85],[1.0000],1,1,1.0000,[[63rdStreetBeach201505311100_Wave_Height]]
2025-10-15 15:08:08.117,HighWaveHeight_95,atomic,[HighWaveHeight_95],[1.0000],1,1,1.0000,[[63rdStreetBeach201505311100_Wave_Height]]
2025-10-15 15:08:08.155,HighWaveHeight_75,atomic,[HighWaveHeight_75],[0.7843],1,1,0.7843,[[MontroseBeach201505311400_Wave_Height]]
2025-10-15 15:08:08.166,LongWavePeriod_75,atomic,[LongWavePeriod_75],[0.8700],1,1,0.8700,[[MontroseBeach201505311400_Wave_Period]]
2025-10-15 15:08:08.166,LongWavePeriod_85,atomic,[LongWavePeriod_85],[0.8700],1,1,0.8700,[[MontroseBeach201505311400_Wave_Period]]
2025-10-15 15:08:08.255,LongWavePeriod_75,atomic,[LongWavePeriod_75],[0.7719],1,1,0.7719,[[CalumetBeach201505311500_Wave_Period]]
2025-10-15 15:08:08.306,HighWaveHeight_75,atomic,[HighWaveHeight_75],[0.7529],1,1,0.7529,[[MontroseBeach201505311500_Wave_Height]]
2025-10-15 15:08:08.487,HighWaveHeight_75,atomic,[HighWaveHeight_75],[1.0000],1,1,1.0000,[[63rdStreetBeach201505311400_Wave_Height]]
2025-10-15 15:08:08.487,HighWaveHeight_85,atomic,[HighWaveHeight_85],[1.0000],1,1,1.0000,[[63rdStreetBeach201505311400_Wave_Height]]
2025-10-15 15:08:08.487,HighWaveHeight_95,atomic,[HighWaveHeight_95],[1.0000],1,1,1.0000,[[63rdStreetBeach201505311400_Wave_Height]]
2025-10-15 15:08:08.639,HighWaveHeight_75,atomic,[HighWaveHeight_75],[1.0000],1,1,1.0000,[[MontroseBeach201505311800_Wave_Height]]
2025-10-15 15:08:08.639,HighWaveHeight_85,atomic,[HighWaveHeight_85],[1.0000],1,1,1.0000,[[MontroseBeach201505311800_Wave_Height]]
2025-10-15 15:08:08.639,HighWaveHeight_95,atomic,[HighWaveHeight_95],[1.0000],1,1,1.0000,[[MontroseBeach201505311800_Wave_Height]]
2025-10-15 15:08:08.710,HighWaveHeight_75,atomic,[HighWaveHeight_75],[0.7613],1,1,0.7613,[[63rdStreetBeach201505311600_Wave_Height]]
2025-10-15 15:08:08.772,HighWaveHeight_75,atomic,[HighWaveHeight_75],[0.7839],1,1,0.7839,[[MontroseBeach201505311900_Wave_Height]]
2025-10-15 15:08:08.924,HighWaveHeight_75,atomic,[HighWaveHeight_75],[1.0000],1,1,1.0000,[[MontroseBeach201505312000_Wave_Height]]
2025-10-15 15:08:08.925,HighWaveHeight_85,atomic,[HighWaveHeight_85],[1.0000],1,1,1.0000,[[MontroseBeach201505312000_Wave_Height]]
2025-10-15 15:08:08.925,HighWaveHeight_95,atomic,[HighWaveHeight_95],[1.0000],1,1,1.0000,[[MontroseBeach201505312000_Wave_Height]]
2025-10-15 15:08:08.963,HighTurbidity_75,atomic,[HighTurbidity_75],[1.0000],1,1,1.0000,[[CalumetBeach201505312100_Turbidity]]
2025-10-15 15:08:08.963,HighTurbidity_85,atomic,[HighTurbidity_85],[1.0000],1,1,1.0000,[[CalumetBeach201505312100_Turbidity]]
2025-10-15 15:08:08.964,HighTurbidity_95,atomic,[HighTurbidity_95],[1.0000],1,1,1.0000,[[CalumetBeach201505312100_Turbidity]]
2025-10-15 15:08:09.011,HighWaveHeight_75,atomic,[HighWaveHeight_75],[0.8213],1,1,0.8213,[[MontroseBeach201505312100_Wave_Height]]
2025-10-15 15:08:09.058,HighTurbidity_75,atomic,[HighTurbidity_75],[1.0000],1,1,1.0000,[[CalumetBeach201505312200_Turbidity]]
2025-10-15 15:08:09.058,HighTurbidity_85,atomic,[HighTurbidity_85],[1.0000],1,1,1.0000,[[CalumetBeach201505312200_Turbidity]]
2025-10-15 15:08:09.058,HighTurbidity_95,atomic,[HighTurbidity_95],[1.0000],1,1,1.0000,[[CalumetBeach201505312200_Turbidity]]
2025-10-15 15:08:09.118,HighWaveHeight_75,atomic,[HighWaveHeight_75],[0.7924],1,1,0.7924,[[MontroseBeach201505312200_Wave_Height]]
2025-10-15 15:08:09.131,HighTurbidity_75,atomic,[HighTurbidity_75],[0.8632],1,1,0.8632,[[CalumetBeach201505312300_Turbidity]]
2025-10-15 15:08:09.131,HighTurbidity_85,atomic,[HighTurbidity_85],[0.8632],1,1,0.8632,[[CalumetBeach201505312300_Turbidity]]
2025-10-15 15:08:09.210,HighWaveHeight_75,atomic,[HighWaveHeight_75],[1.0000],1,1,1.0000,[[MontroseBeach201505312300_Wave_Height]]
2025-10-15 15:08:09.210,HighWaveHeight_85,atomic,[HighWaveHeight_85],[1.0000],1,1,1.0000,[[MontroseBeach201505312300_Wave_Height]]
2025-10-15 15:08:09.210,HighWaveHeight_95,atomic,[HighWaveHeight_95],[1.0000],1,1,1.0000,[[MontroseBeach201505312300_Wave_Height]]
2025-10-15 15:08:09.258,HighTurbidity_75,atomic,[HighTurbidity_75],[0.8490],1,1,0.8490,[[CalumetBeach201506012400_Turbidity]]
2025-10-15 15:08:09.353,HighWaveHeight_75,atomic,[HighWaveHeight_75],[0.8236],1,1,0.8236,[[MontroseBeach201506012400_Wave_Height]]
2025-10-15 15:08:09.389,HighTurbidity_75,atomic,[HighTurbidity_75],[0.8334],1,1,0.8334,[[CalumetBeach201506010100_Turbidity]]
2025-10-15 15:08:09.498,HighWaveHeight_75,atomic,[HighWaveHeight_75],[1.0000],1,1,1.0000,[[MontroseBeach201506010100_Wave_Height]]
2025-10-15 15:08:09.498,HighWaveHeight_85,atomic,[HighWaveHeight_85],[1.0000],1,1,1.0000,[[MontroseBeach201506010100_Wave_Height]]
2025-10-15 15:08:09.498,HighWaveHeight_95,atomic,[HighWaveHeight_95],[1.0000],1,1,1.0000,[[MontroseBeach201506010100_Wave_Height]]
2025-10-15 15:08:09.546,HighTurbidity_75,atomic,[HighTurbidity_75],[0.8163],1,1,0.8163,[[CalumetBeach201506010200_Turbidity]]
2025-10-15 15:08:09.641,HighWaveHeight_75,atomic,[HighWaveHeight_75],[1.0000],1,1,1.0000,[[MontroseBeach201506010200_Wave_Height]]
2025-10-15 15:08:09.641,HighWaveHeight_85,atomic,[HighWaveHeight_85],[1.0000],1,1,1.0000,[[MontroseBeach201506010200_Wave_Height]]
2025-10-15 15:08:09.641,HighWaveHeight_95,atomic,[HighWaveHeight_95],[1.0000],1,1,1.0000,[[MontroseBeach201506010200_Wave_Height]]
2025-10-15 15:08:09.666,HighTurbidity_75,atomic,[HighTurbidity_75],[0.7977],1,1,0.7977,[[CalumetBeach201506010300_Turbidity]]
2025-10-15 15:08:09.794,HighWaveHeight_75,atomic,[HighWaveHeight_75],[1.0000],1,1,1.0000,[[MontroseBeach201506010300_Wave_Height]]
2025-10-15 15:08:09.795,HighWaveHeight_85,atomic,[HighWaveHeight_85],[1.0000],1,1,1.0000,[[MontroseBeach201506010300_Wave_Height]]
2025-10-15 15:08:09.795,HighWaveHeight_95,atomic,[HighWaveHeight_95],[1.0000],1,1,1.0000,[[MontroseBeach201506010300_Wave_Height]]
2025-10-15 15:08:09.808,HighTurbidity_75,atomic,[HighTurbidity_75],[0.7777],1,1,0.7777,[[CalumetBeach201506010400_Turbidity]]
2025-10-15 15:08:09.927,HighWaveHeight_75,atomic,[HighWaveHeight_75],[0.8740],1,1,0.8740,[[MontroseBeach201506010400_Wave_Height]]
2025-10-15 15:08:09.927,HighWaveHeight_85,atomic,[HighWaveHeight_85],[0.8740],1,1,0.8740,[[MontroseBeach201506010400_Wave_Height]]
2025-10-15 15:08:09.951,HighTurbidity_75,atomic,[HighTurbidity_75],[0.7563],1,1,0.7563,[[CalumetBeach201506010500_Turbidity]]
2025-10-15 15:08:10.012,HighWaveHeight_75,atomic,[HighWaveHeight_75],[1.0000],1,1,1.0000,[[63rdStreetBeach201506010200_Wave_Height]]
2025-10-15 15:08:10.012,HighWaveHeight_85,atomic,[HighWaveHeight_85],[1.0000],1,1,1.0000,[[63rdStreetBeach201506010200_Wave_Height]]
2025-10-15 15:08:10.013,HighWaveHeight_95,atomic,[HighWaveHeight_95],[1.0000],1,1,1.0000,[[63rdStreetBeach201506010200_Wave_Height]]
2025-10-15 15:08:10.071,HighWaveHeight_75,atomic,[HighWaveHeight_75],[0.8474],1,1,0.8474,[[MontroseBeach201506010500_Wave_Height]]
2025-10-15 15:08:10.210,HighWaveHeight_75,atomic,[HighWaveHeight_75],[0.8171],1,1,0.8171,[[MontroseBeach201506010600_Wave_Height]]
2025-10-15 15:08:10.345,HighWaveHeight_75,atomic,[HighWaveHeight_75],[0.7835],1,1,0.7835,[[MontroseBeach201506010700_Wave_Height]]
2025-10-15 15:08:10.552,HighWaveHeight_75,atomic,[HighWaveHeight_75],[1.0000],1,1,1.0000,[[63rdStreetBeach201506010600_Wave_Height]]
2025-10-15 15:08:10.552,HighWaveHeight_85,atomic,[HighWaveHeight_85],[1.0000],1,1,1.0000,[[63rdStreetBeach201506010600_Wave_Height]]
2025-10-15 15:08:10.552,HighWaveHeight_95,atomic,[HighWaveHeight_95],[1.0000],1,1,1.0000,[[63rdStreetBeach201506010600_Wave_Height]]
2025-10-15 15:08:10.625,HighWaveHeight_75,atomic,[HighWaveHeight_75],[1.0000],1,1,1.0000,[[MontroseBeach201506010900_Wave_Height]]
2025-10-15 15:08:10.625,HighWaveHeight_85,atomic,[HighWaveHeight_85],[1.0000],1,1,1.0000,[[MontroseBeach201506010900_Wave_Height]]
2025-10-15 15:08:10.625,HighWaveHeight_95,atomic,[HighWaveHeight_95],[1.0000],1,1,1.0000,[[MontroseBeach201506010900_Wave_Height]]
2025-10-15 15:08:10.720,HighWaveHeight_75,atomic,[HighWaveHeight_75],[1.0000],1,1,1.0000,[[MontroseBeach201506011000_Wave_Height]]
2025-10-15 15:08:10.721,HighWaveHeight_85,atomic,[HighWaveHeight_85],[1.0000],1,1,1.0000,[[MontroseBeach201506011000_Wave_Height]]
2025-10-15 15:08:10.721,HighWaveHeight_95,atomic,[HighWaveHeight_95],[1.0000],1,1,1.0000,[[MontroseBeach201506011000_Wave_Height]]
2025-10-15 15:08:10.814,HighWaveHeight_75,atomic,[HighWaveHeight_75],[0.8408],1,1,0.8408,[[MontroseBeach201506011100_Wave_Height]]
2025-10-15 15:08:10.836,HighTurbidity_75,atomic,[HighTurbidity_75],[0.8125],1,1,0.8125,[[CalumetBeach201506011200_Turbidity]]
2025-10-15 15:08:10.910,HighWaveHeight_75,atomic,[HighWaveHeight_75],[1.0000],1,1,1.0000,[[MontroseBeach201506011200_Wave_Height]]
2025-10-15 15:08:10.910,HighWaveHeight_85,atomic,[HighWaveHeight_85],[1.0000],1,1,1.0000,[[MontroseBeach201506011200_Wave_Height]]
2025-10-15 15:08:10.910,HighWaveHeight_95,atomic,[HighWaveHeight_95],[1.0000],1,1,1.0000,[[MontroseBeach201506011200_Wave_Height]]
2025-10-15 15:08:10.935,HighTurbidity_75,atomic,[HighTurbidity_75],[0.7939],1,1,0.7939,[[CalumetBeach201506011300_Turbidity]]
2025-10-15 15:08:11.053,HighWaveHeight_75,atomic,[HighWaveHeight_75],[0.8459],1,1,0.8459,[[MontroseBeach201506011300_Wave_Height]]
2025-10-15 15:08:11.102,HighTurbidity_75,atomic,[HighTurbidity_75],[0.7737],1,1,0.7737,[[CalumetBeach201506011400_Turbidity]]
2025-10-15 15:08:11.233,HighTurbidity_75,atomic,[HighTurbidity_75],[0.7522],1,1,0.7522,[[CalumetBeach201506011500_Turbidity]]
2025-10-15 15:08:11.294,HighWaveHeight_75,atomic,[HighWaveHeight_75],[1.0000],1,1,1.0000,[[MontroseBeach201506011500_Wave_Height]]
2025-10-15 15:08:11.295,HighWaveHeight_85,atomic,[HighWaveHeight_85],[1.0000],1,1,1.0000,[[MontroseBeach201506011500_Wave_Height]]
2025-10-15 15:08:11.295,HighWaveHeight_95,atomic,[HighWaveHeight_95],[1.0000],1,1,1.0000,[[MontroseBeach201506011500_Wave_Height]]
2025-10-15 15:08:11.389,HighWaveHeight_75,atomic,[HighWaveHeight_75],[1.0000],1,1,1.0000,[[MontroseBeach201506011600_Wave_Height]]
2025-10-15 15:08:11.390,HighWaveHeight_85,atomic,[HighWaveHeight_85],[1.0000],1,1,1.0000,[[MontroseBeach201506011600_Wave_Height]]
2025-10-15 15:08:11.390,HighWaveHeight_95,atomic,[HighWaveHeight_95],[1.0000],1,1,1.0000,[[MontroseBeach201506011600_Wave_Height]]
2025-10-15 15:08:11.437,HighWaveHeight_75,atomic,[HighWaveHeight_75],[1.0000],1,1,1.0000,[[63rdStreetBeach201506011400_Wave_Height]]
2025-10-15 15:08:11.438,HighWaveHeight_85,atomic,[HighWaveHeight_85],[1.0000],1,1,1.0000,[[63rdStreetBeach201506011400_Wave_Height]]
2025-10-15 15:08:11.438,HighWaveHeight_95,atomic,[HighWaveHeight_95],[1.0000],1,1,1.0000,[[63rdStreetBeach201506011400_Wave_Height]]
2025-10-15 15:08:11.565,HighWaveHeight_75,atomic,[HighWaveHeight_75],[1.0000],1,1,1.0000,[[63rdStreetBeach201506011500_Wave_Height]]
2025-10-15 15:08:11.565,HighWaveHeight_85,atomic,[HighWaveHeight_85],[1.0000],1,1,1.0000,[[63rdStreetBeach201506011500_Wave_Height]]
2025-10-15 15:08:11.566,HighWaveHeight_95,atomic,[HighWaveHeight_95],[1.0000],1,1,1.0000,[[63rdStreetBeach201506011500_Wave_Height]]
2025-10-15 15:08:11.795,HighWaveHeight_75,atomic,[HighWaveHeight_75],[0.7926],1,1,0.7926,[[63rdStreetBeach201506011700_Wave_Height]]
2025-10-15 15:08:11.867,HighWaveHeight_75,atomic,[HighWaveHeight_75],[1.0000],1,1,1.0000,[[MontroseBeach201506012000_Wave_Height]]
2025-10-15 15:08:11.867,HighWaveHeight_85,atomic,[HighWaveHeight_85],[1.0000],1,1,1.0000,[[MontroseBeach201506012000_Wave_Height]]
2025-10-15 15:08:11.867,HighWaveHeight_95,atomic,[HighWaveHeight_95],[1.0000],1,1,1.0000,[[MontroseBeach201506012000_Wave_Height]]
