attribute,mode,Q,R,rmse,norm_rmse
Water Temperature,position,0.01,0.01,0.8018831893790486,0.24907234419796237
Water Temperature,position,0.01,0.02,0.8275432796656353,0.2570426058578441
Water Temperature,position,0.01,0.05,0.8889245235011762,0.2761081885940824
Water Temperature,position,0.01,0.1,0.9589280250179036,0.29785192440969255
Water Temperature,position,0.01,0.2,1.0466680611295156,0.3251047921138476
Water Temperature,position,0.05,0.01,0.7808548266761227,0.24254074001616308
Water Temperature,position,0.05,0.02,0.7858397976964466,0.24408911817676832
Water Temperature,position,0.05,0.05,0.8020160874874841,0.2491136235811019
Water Temperature,position,0.05,0.1,0.8280279455867321,0.2571931475810269
Water Temperature,position,0.05,0.2,0.8723550144673501,0.2709615456516606
Water Temperature,position,0.1,0.01,0.7786225536803646,0.24184737535244713
Water Temperature,position,0.1,0.02,0.780873683968803,0.24254659726589137
Water Temperature,position,0.1,0.05,0.7885812266822062,0.24494063140585112
Water Temperature,position,0.1,0.1,0.8024107725659564,0.24923621642132737
Water Temperature,position,0.1,0.2,0.8293542890275569,0.25760512213591646
Water Temperature,position,0.2,0.01,0.7776111218856423,0.24153321527097327
Water Temperature,position,0.2,0.02,0.7786418371725815,0.24185336498369817
Water Temperature,position,0.2,0.05,0.7821914695509729,0.2429559136706354
Water Temperature,position,0.2,0.1,0.7889854306230187,0.2450661808928658
Water Temperature,position,0.2,0.2,0.8037750655955818,0.2496599784699181
Water Temperature,position,0.5,0.01,0.7770487464898757,0.24135853626535486
Water Temperature,position,0.5,0.02,0.7774391213981805,0.2414797903268134
Water Temperature,position,0.5,0.05,0.7787690606230648,0.24189288176552942
Water Temperature,position,0.5,0.1,0.7814103385723956,0.24271328715528154
Water Temperature,position,0.5,0.2,0.7877572592720551,0.24468469949817767
Water Temperature,position,1.0,0.01,0.7768698949059702,0.2413029833071973
Water Temperature,position,1.0,0.02,0.7770683777028039,0.2413646339018788
Water Temperature,position,1.0,0.05,0.7777585511429135,0.24157900816350208
Water Temperature,position,1.0,0.1,0.7791823449315382,0.2420212516988253
Water Temperature,position,1.0,0.2,0.782807438181659,0.24314723923130244
Water Temperature,position,2.0,0.01,0.7767822120492401,0.24127574819993852
Water Temperature,position,2.0,0.02,0.776889569485935,0.24130909441392434
Water Temperature,position,2.0,0.05,0.7772877503987968,0.24143277309268327
Water Temperature,position,2.0,0.1,0.7781731536878498,0.24170778755325048
Water Temperature,position,2.0,0.2,0.7805848109071778,0.24245687061793614
Water Temperature,velocity,0.01,0.01,1.204340578435014,0.3740793360636778
Water Temperature,velocity,0.01,0.02,1.1867975125896613,0.36863029736029157
Water Temperature,velocity,0.01,0.05,1.1575593080177715,0.35954864026943845
Water Temperature,velocity,0.01,0.1,1.1365892707641028,0.3530351525122822
Water Temperature,velocity,0.01,0.2,1.1235904716190646,0.34899760512670813
Water Temperature,velocity,0.05,0.01,1.225417270714203,0.3806259518594047
Water Temperature,velocity,0.05,0.02,1.2193250184524151,0.3787336418915852
Water Temperature,velocity,0.05,0.05,1.2047788745394532,0.37421547489241425
Water Temperature,velocity,0.05,0.1,1.1879409890581734,0.368985471740201
Water Temperature,velocity,0.05,0.2,1.1679779182597427,0.362784757088725
Water Temperature,velocity,0.1,0.01,1.228796949677943,0.3816757114419532
Water Temperature,velocity,0.1,0.02,1.2254690976885798,0.3806420497975728
Water Temperature,velocity,0.1,0.05,1.2167986142193814,0.37794891734186536
Water Temperature,velocity,0.1,0.1,1.2054622793118526,0.3744277467431677
Water Temperature,velocity,0.1,0.2,1.1898325605435784,0.3695730113598465
Water Temperature,velocity,0.2,0.01,1.230530494058453,0.38221416637946
Water Temperature,velocity,0.2,0.02,1.2288076332944309,0.3816790298721665
Water Temperature,velocity,0.2,0.05,1.2240739608513043,0.380208707376707
Water Temperature,velocity,0.2,0.1,1.2173674531030372,0.37812560396667516
Water Temperature,velocity,0.2,0.2,1.207117793559242,0.37494196479875475
Water Temperature,velocity,0.5,0.01,1.2314944515906547,0.3825135805153751
Water Temperature,velocity,0.5,0.02,1.2308114571078919,0.38230143610438205
Water Temperature,velocity,0.5,0.05,1.2288827002841327,0.38170234637430117
Water Temperature,velocity,0.5,0.1,1.2260252627882708,0.38081479982772176
Water Temperature,velocity,0.5,0.2,1.2213896375454982,0.3793749317006262
Water Temperature,velocity,1.0,0.01,1.2317325934454917,0.38258754958072216
Water Temperature,velocity,1.0,0.02,1.2314024648012138,0.3824850085667612
Water Temperature,velocity,1.0,0.05,1.2304780690638881,0.38219788269068367
Water Temperature,velocity,1.0,0.1,1.2291338269167145,0.38178034863185706
Water Temperature,velocity,1.0,0.2,1.2270389056589415,0.3811296466898601
Water Temperature,velocity,2.0,0.01,1.2317970527372493,0.38260757123364625
Water Temperature,velocity,2.0,0.02,1.2316405602403764,0.38255896321496996
Water Temperature,velocity,2.0,0.05,1.2312212637674977,0.38242872584773613
Water Temperature,velocity,2.0,0.1,1.2306697977733185,0.38225743540327367
Water Temperature,velocity,2.0,0.2,1.2300001603556976,0.38204943982040246
Water Temperature,acceleration,0.01,0.01,2.990347149981712,0.9288295159154025
Water Temperature,acceleration,0.01,0.02,2.894491970788801,0.8990560096225696
Water Temperature,acceleration,0.01,0.05,2.7147400689742316,0.843223404385308
Water Temperature,acceleration,0.01,0.1,2.5412871031687483,0.7893473070017037
Water Temperature,acceleration,0.01,0.2,2.3486140040173478,0.7295012582191033
Water Temperature,acceleration,0.05,0.01,3.1037922802826348,0.9640666239083693
Water Temperature,acceleration,0.05,0.02,3.0704180329416,0.9537002736329494
Water Temperature,acceleration,0.05,0.05,2.990849213631191,0.9289854615341269
Water Temperature,acceleration,0.05,0.1,2.8957480339874113,0.8994461544834201
Water Temperature,acceleration,0.05,0.2,2.767345037403664,0.8595629947105828
Water Temperature,acceleration,0.1,0.01,3.122347958352085,0.9698301893455242
Water Temperature,acceleration,0.1,0.02,3.103832136826234,0.9640790037198897
Water Temperature,acceleration,0.1,0.05,3.0555418329277915,0.949079588152479
Water Temperature,acceleration,0.1,0.1,2.991544197537273,0.9292013299710269
Water Temperature,acceleration,0.1,0.2,2.897572741432232,0.9000129255128875
Water Temperature,acceleration,0.2,0.01,3.132101441134215,0.972859711416589
Water Temperature,acceleration,0.2,0.02,3.1223275425714654,0.9698238480150102
Water Temperature,acceleration,0.2,0.05,3.0952432683133306,0.9614112216253761
Water Temperature,acceleration,0.2,0.1,3.0560769533778878,0.9492458015195867
Water Temperature,acceleration,0.2,0.2,2.993038628429387,0.9296655140448057
Water Temperature,acceleration,0.5,0.01,3.1379984834899393,0.9746913873799077
Water Temperature,acceleration,0.5,0.02,3.1339771273083357,0.9734423169114488
Water Temperature,acceleration,0.5,0.05,3.122345876371426,0.9698295426630521
Water Temperature,acceleration,0.5,0.1,3.104264013704454,0.9642131486775194
Water Temperature,acceleration,0.5,0.2,3.072142704195302,0.9542359724951028
Water Temperature,acceleration,1.0,0.01,3.139888591426166,0.9752784724076256
Water Temperature,acceleration,1.0,0.02,3.1378685815990006,0.9746510386496682
Water Temperature,acceleration,1.0,0.05,3.1319399789428304,0.9728095597647771
Water Temperature,acceleration,1.0,0.1,3.122468856293725,0.9698677413657335
Water Temperature,acceleration,1.0,0.2,3.104880562159965,0.9644046543371462
Water Temperature,acceleration,2.0,0.01,3.140773509879003,0.9755533362735744
Water Temperature,acceleration,2.0,0.02,3.139764893334989,0.9752400506350404
Water Temperature,acceleration,2.0,0.05,3.136787747328128,0.9743153215164231
Water Temperature,acceleration,2.0,0.1,3.131977027455511,0.9728210673758915
Water Temperature,acceleration,2.0,0.2,3.122852475856574,0.9699868971543378
Turbidity,position,0.01,0.01,0.9431225896879311,0.4720993056835418
Turbidity,position,0.01,0.02,0.9626109793497011,0.4818546178018278
Turbidity,position,0.01,0.05,1.0124353199134537,0.5067952107252474
Turbidity,position,0.01,0.1,1.0733578706488007,0.5372912397856313
Turbidity,position,0.01,0.2,1.155324951870753,0.5783215390880734
Turbidity,position,0.05,0.01,0.9288826777492695,0.46497122645742406
Turbidity,position,0.05,0.02,0.9318862205028697,0.46647471122607403
Turbidity,position,0.05,0.05,0.9431225896879311,0.4720993056835418
Turbidity,position,0.05,0.1,0.9626109793497011,0.4818546178018278
Turbidity,position,0.05,0.2,0.9972796265855954,0.49920871839066966
Turbidity,position,0.1,0.01,0.9277464657566363,0.4644024723010753
Turbidity,position,0.1,0.02,0.9288826777492695,0.46497122645742406
Turbidity,position,0.1,0.05,0.9336093993811485,0.46733728366458716
Turbidity,position,0.1,0.1,0.9431225896879311,0.4720993056835418
Turbidity,position,0.1,0.2,0.9626109793497011,0.4818546178018278
Turbidity,position,0.2,0.01,0.9273207680576196,0.46418938060935433
Turbidity,position,0.2,0.02,0.9277464657566363,0.4644024723010753
Turbidity,position,0.2,0.05,0.9295593458782662,0.465309946531962
Turbidity,position,0.2,0.1,0.9336093993811485,0.46733728366458716
Turbidity,position,0.2,0.2,0.9431225896879311,0.4720993056835418
Turbidity,position,0.5,0.01,0.9271238549240108,0.46409081171208355
Turbidity,position,0.5,0.02,0.927249815855608,0.46415386403317144
Turbidity,position,0.5,0.05,0.9277464657566363,0.4644024723010753
Turbidity,position,0.5,0.1,0.9288826777492697,0.46497122645742417
Turbidity,position,0.5,0.2,0.9318862205028697,0.46647471122607403
Turbidity,position,1.0,0.01,0.9270693428756039,0.46406352459110306
Turbidity,position,1.0,0.02,0.9271238549240108,0.46409081171208355
Turbidity,position,1.0,0.05,0.9273207680576196,0.46418938060935433
Turbidity,position,1.0,0.1,0.9277464657566363,0.4644024723010753
Turbidity,position,1.0,0.2,0.9288826777492697,0.46497122645742417
Turbidity,position,2.0,0.01,0.9270443198426795,0.4640509988000777
Turbidity,position,2.0,0.02,0.9270693428756039,0.46406352459110306
Turbidity,position,2.0,0.05,0.9271532762869593,0.4641055391771789
Turbidity,position,2.0,0.1,0.9273207680576196,0.46418938060935433
Turbidity,position,2.0,0.2,0.9277464657566363,0.4644024723010753
Turbidity,velocity,0.01,0.01,0.9849484914797878,0.49303611645599643
Turbidity,velocity,0.01,0.02,0.9891605931112251,0.49514457009438084
Turbidity,velocity,0.01,0.05,1.0057691514171554,0.5034583237149243
Turbidity,velocity,0.01,0.1,1.032456530837436,0.5168172374262336
Turbidity,velocity,0.01,0.2,1.0729101689233298,0.5370671335283332
Turbidity,velocity,0.05,0.01,0.98357412431186,0.4923481488547245
Turbidity,velocity,0.05,0.02,0.9836187966665457,0.4923705105157227
Turbidity,velocity,0.05,0.05,0.9849484914797879,0.4930361164559965
Turbidity,velocity,0.05,0.1,0.989160593111225,0.4951445700943808
Turbidity,velocity,0.05,0.2,1.0000499742667943,0.5005954725953683
Turbidity,velocity,0.1,0.01,0.983669457805137,0.49239586998501716
Turbidity,velocity,0.1,0.02,0.98357412431186,0.4923481488547245
Turbidity,velocity,0.1,0.05,0.9837340497124469,0.4924282027855748
Turbidity,velocity,0.1,0.1,0.9849484914797879,0.4930361164559965
Turbidity,velocity,0.1,0.2,0.989160593111225,0.4951445700943808
Turbidity,velocity,0.2,0.01,0.9837543803889807,0.49243837972161747
Turbidity,velocity,0.2,0.02,0.983669457805137,0.49239586998501716
Turbidity,velocity,0.2,0.05,0.9835586481694092,0.49234040195502604
Turbidity,velocity,0.2,0.1,0.9837340497124469,0.4924282027855748
Turbidity,velocity,0.2,0.2,0.9849484914797879,0.4930361164559965
Turbidity,velocity,0.5,0.01,0.9838191296071318,0.4924707912673348
Turbidity,velocity,0.5,0.02,0.983774751000415,0.4924485766478916
Turbidity,velocity,0.5,0.05,0.9836694578051371,0.4923958699850172
Turbidity,velocity,0.5,0.1,0.98357412431186,0.4923481488547245
Turbidity,velocity,0.5,0.2,0.9836187966665457,0.4923705105157227
Turbidity,velocity,1.0,0.01,0.9838432085417076,0.49248284447061835
Turbidity,velocity,1.0,0.02,0.9838191296071318,0.4924707912673348
Turbidity,velocity,1.0,0.05,0.9837543803889807,0.49243837972161747
Turbidity,velocity,1.0,0.1,0.9836694578051371,0.4923958699850172
Turbidity,velocity,1.0,0.2,0.98357412431186,0.4923481488547245
Turbidity,velocity,2.0,0.01,0.9838557369788269,0.4924891158361121
Turbidity,velocity,2.0,0.02,0.9838432085417076,0.49248284447061835
Turbidity,velocity,2.0,0.05,0.9838075694378273,0.4924650045881036
Turbidity,velocity,2.0,0.1,0.9837543803889807,0.49243837972161747
Turbidity,velocity,2.0,0.2,0.9836694578051371,0.4923958699850172
Turbidity,acceleration,0.01,0.01,1.3944921488454352,0.6980415721660503
Turbidity,acceleration,0.01,0.02,1.3629478191850202,0.682251412653635
Turbidity,acceleration,0.01,0.05,1.3007999537320336,0.65114202724513
Turbidity,acceleration,0.01,0.1,1.252616558799511,0.6270228432261716
Turbidity,acceleration,0.01,0.2,1.2310189601009351,0.6162117233765206
Turbidity,acceleration,0.05,0.01,1.426398859152966,0.7140131287245836
Turbidity,acceleration,0.05,0.02,1.4176606351958534,0.7096390319654071
Turbidity,acceleration,0.05,0.05,1.3944921488454338,0.6980415721660497
Turbidity,acceleration,0.05,0.1,1.36294781918502,0.6822514126536349
Turbidity,acceleration,0.05,0.2,1.3174316129542762,0.6594673445019079
Turbidity,acceleration,0.1,0.01,1.4310405704081828,0.7163366322486551
Turbidity,acceleration,0.1,0.02,1.4263988591529655,0.7140131287245833
Turbidity,acceleration,0.1,0.05,1.4135124666652064,0.7075625813484997
Turbidity,acceleration,0.1,0.1,1.394492148845434,0.6980415721660498
Turbidity,acceleration,0.1,0.2,1.36294781918502,0.6822514126536349
Turbidity,acceleration,0.2,0.01,1.4334489890642998,0.7175422154758837
Turbidity,acceleration,0.2,0.02,1.4310405704081828,0.7163366322486551
Turbidity,acceleration,0.2,0.05,1.424152406893169,0.7128886210903721
Turbidity,acceleration,0.2,0.1,1.4135124666652064,0.7075625813484997
Turbidity,acceleration,0.2,0.2,1.394492148845434,0.6980415721660498
Turbidity,acceleration,0.5,0.01,1.4349274441158002,0.7182822863965989
Turbidity,acceleration,0.5,0.02,1.4339388311979204,0.7177874159765454
Turbidity,acceleration,0.5,0.05,1.4310405704081828,0.7163366322486551
Turbidity,acceleration,0.5,0.1,1.4263988591529655,0.7140131287245833
Turbidity,acceleration,0.5,0.2,1.4176606351958538,0.7096390319654073
Turbidity,acceleration,1.0,0.01,1.435426440843728,0.7185320694167162
Turbidity,acceleration,1.0,0.02,1.4349274441158002,0.7182822863965989
Turbidity,acceleration,1.0,0.05,1.4334489890642992,0.7175422154758834
Turbidity,acceleration,1.0,0.1,1.4310405704081828,0.7163366322486551
Turbidity,acceleration,1.0,0.2,1.4263988591529655,0.7140131287245833
Turbidity,acceleration,2.0,0.01,1.4356771655492673,0.7186575747971375
Turbidity,acceleration,2.0,0.02,1.435426440843728,0.7185320694167162
Turbidity,acceleration,2.0,0.05,1.4346791404968007,0.718157992940573
Turbidity,acceleration,2.0,0.1,1.4334489890642992,0.7175422154758834
Turbidity,acceleration,2.0,0.2,1.4310405704081828,0.7163366322486551
Wave Height,position,0.01,0.01,0.05423658439008295,0.5089815524032187
Wave Height,position,0.01,0.02,0.05569250189122925,0.5226445652613801
Wave Height,position,0.01,0.05,0.05922131973780787,0.5557606474390806
Wave Height,position,0.01,0.1,0.0632548192718099,0.5936128993373286
Wave Height,position,0.01,0.2,0.06827958684476129,0.6407676755553863
Wave Height,position,0.05,0.01,0.05311823915016237,0.4984864760126486
Wave Height,position,0.05,0.02,0.053360918956459995,0.5007638971654611
Wave Height,position,0.05,0.05,0.05423655807718334,0.5089813054706245
Wave Height,position,0.05,0.1,0.05569273440506357,0.5226467472802827
Wave Height,position,0.05,0.2,0.05817357219135945,0.5459280929241711
Wave Height,position,0.1,0.01,0.05302477655272971,0.49760937915140874
Wave Height,position,0.1,0.02,0.05311823538148914,0.49848644064565095
Wave Height,position,0.1,0.05,0.053498052981864844,0.5020508271947538
Wave Height,position,0.1,0.1,0.0542368725450586,0.5089842565846949
Wave Height,position,0.1,0.2,0.0556941169996071,0.5226597221961079
Wave Height,position,0.2,0.01,0.05298945068104372,0.49727786459877
Wave Height,position,0.2,0.02,0.05302477951594535,0.4976094069596145
Wave Height,position,0.2,0.05,0.05317348335552265,0.49900491355295024
Wave Height,position,0.2,0.1,0.053498420108612756,0.5020542724843896
Wave Height,position,0.2,0.2,0.054238320260790236,0.5089978426283003
Wave Height,position,0.5,0.01,0.05297305307625382,0.49712398178266876
Wave Height,position,0.5,0.02,0.052983553226731185,0.49722252012077645
Wave Height,position,0.5,0.05,0.053024885577710276,0.4976104022929742
Wave Height,position,0.5,0.1,0.05311874529687849,0.49849122593088574
Wave Height,position,0.5,0.2,0.05336288722451836,0.5007823683163117
Wave Height,position,1.0,0.01,0.052968509864380835,0.49708134615105565
Wave Height,position,1.0,0.02,0.05297306214003405,0.4971240668414346
Wave Height,position,1.0,0.05,0.052989573965131744,0.49727902155448933
Wave Height,position,1.0,0.1,0.053025334386994936,0.4976146141298553
Wave Height,position,1.0,0.2,0.05312032479782093,0.4985060487087348
Wave Height,position,2.0,0.01,0.05296642443573955,0.4970617755103303
Wave Height,position,2.0,0.02,0.052968519731220735,0.4970814387461102
Wave Height,position,2.0,0.05,0.05297563560929548,0.4971482174842982
Wave Height,position,2.0,0.1,0.05299003818797801,0.4972833780394637
Wave Height,position,2.0,0.2,0.053026952319902926,0.49762979757129905
Wave Height,velocity,0.01,0.01,0.07256374344396209,0.680972210946417
Wave Height,velocity,0.01,0.02,0.07182860335736684,0.6740733114910614
Wave Height,velocity,0.01,0.05,0.0713965390513865,0.6700186173456074
Wave Height,velocity,0.01,0.1,0.07134777500741057,0.6695609926798318
Wave Height,velocity,0.01,0.2,0.0715849092710159,0.6717863718583905
Wave Height,velocity,0.05,0.01,0.07421796000148159,0.6964961551793679
Wave Height,velocity,0.05,0.02,0.07363698414718077,0.6910440052042879
Wave Height,velocity,0.05,0.05,0.07256097943943371,0.6809462722312208
Wave Height,velocity,0.05,0.1,0.0718302569824522,0.6740888298846421
Wave Height,velocity,0.05,0.2,0.07147008255247587,0.6707087840619408
Wave Height,velocity,0.1,0.01,0.07456905220020331,0.699790969083149
Wave Height,velocity,0.1,0.02,0.07421660611325996,0.6964834496571346
Wave Height,velocity,0.1,0.05,0.07339695774753947,0.6887914848643544
Wave Height,velocity,0.1,0.1,0.07256405695255855,0.6809751530581653
Wave Height,velocity,0.1,0.2,0.0718458979142675,0.6742356117265651
Wave Height,velocity,0.2,0.01,0.07476229288559277,0.701604430331549
Wave Height,velocity,0.2,0.02,0.074567728744712,0.6997785491559342
Wave Height,velocity,0.2,0.05,0.07405635202551575,0.6949795501163308
Wave Height,velocity,0.2,0.1,0.07339991366685684,0.6888192245979651
Wave Height,velocity,0.2,0.2,0.07257796811820329,0.6811057019628431
Wave Height,velocity,0.5,0.01,0.07488397048193247,0.7027463099792836
Wave Height,velocity,0.5,0.02,0.07480136003661661,0.7019710548046734
Wave Height,velocity,0.5,0.05,0.07456724206658359,0.6997739819400576
Wave Height,velocity,0.5,0.1,0.07421835866033662,0.6964998963810898
Wave Height,velocity,0.5,0.2,0.07364911623004387,0.6911578583615061
Wave Height,velocity,1.0,0.01,0.07492549102216137,0.7031359582076883
Wave Height,velocity,1.0,0.02,0.07488347234819288,0.7027416352585774
Wave Height,velocity,1.0,0.05,0.07476129177127383,0.7015950354051184
Wave Height,velocity,1.0,0.1,0.0745696455731826,0.699796537573561
Wave Height,velocity,1.0,0.2,0.07422578587470316,0.6965695968451
Wave Height,velocity,2.0,0.01,0.0749467266958228,0.7033352437318058
Wave Height,velocity,2.0,0.02,0.07492563083826616,0.7031372703076089
Wave Height,velocity,2.0,0.05,0.07486345643127686,0.7025537965039939
Wave Height,velocity,2.0,0.1,0.07476329091680986,0.7016137963247053
Wave Height,velocity,2.0,0.2,0.07457446901293265,0.6998418029950382
Wave Height,acceleration,0.01,0.01,0.18502798065147072,1.7363893742401328
Wave Height,acceleration,0.01,0.02,0.174366481871948,1.6363368679702373
Wave Height,acceleration,0.01,0.05,0.15763241481144813,1.4792965320741929
Wave Height,acceleration,0.01,0.1,0.14538818206637066,1.3643909077496017
Wave Height,acceleration,0.01,0.2,0.13412361323795713,1.2586789092173494
Wave Height,acceleration,0.05,0.01,0.19821780673241102,1.8601688900429936
Wave Height,acceleration,0.05,0.02,0.19430425934869983,1.8234423253972838
Wave Height,acceleration,0.05,0.05,0.18501955773311884,1.736310329622801
Wave Height,acceleration,0.05,0.1,0.17436196594241202,1.636294488368874
Wave Height,acceleration,0.05,0.2,0.16177996330243258,1.518219072889556
Wave Height,acceleration,0.1,0.01,0.20041014638726853,1.880742833875794
Wave Height,acceleration,0.1,0.02,0.19821463782932985,1.8601391515698245
Wave Height,acceleration,0.1,0.05,0.1925297521030284,1.8067895169136847
Wave Height,acceleration,0.1,0.1,0.18502063470682545,1.7363204364493139
Wave Height,acceleration,0.1,0.2,0.17438366958551368,1.6364981655377613
Wave Height,acceleration,0.2,0.01,0.20158341796201582,1.8917533647604534
Wave Height,acceleration,0.2,0.02,0.2004068990075609,1.8807123589411459
Wave Height,acceleration,0.2,0.05,0.19717936203015965,1.8504236377823544
Wave Height,acceleration,0.2,0.1,0.1925308240407474,1.8067995764801275
Wave Height,acceleration,0.2,0.2,0.18503909740153335,1.7364936990380195
Wave Height,acceleration,0.5,0.01,0.2023155238082789,1.8986237894810523
Wave Height,acceleration,0.5,0.02,0.20182194623094896,1.8939918259389903
Wave Height,acceleration,0.5,0.05,0.20040322649814174,1.8806778943898397
Wave Height,acceleration,0.5,0.1,0.19821140408249027,1.8601088045724057
Wave Height,acceleration,0.5,0.2,0.19431396720673938,1.82353342849146
Wave Height,acceleration,1.0,0.01,0.20256396280835237,1.9009552576101185
Wave Height,acceleration,1.0,0.02,0.20231298333825443,1.8985999485185092
Wave Height,acceleration,1.0,0.05,0.2015775824379033,1.8916986014645107
Wave Height,acceleration,1.0,0.1,0.20040437901070648,1.8806887101084357
Wave Height,acceleration,1.0,0.2,0.19822056916408212,1.860194813997759
Wave Height,acceleration,2.0,0.01,0.20268896681690962,1.9021283538706515
Wave Height,acceleration,2.0,0.02,0.202562508722601,1.9009416117872595
Wave Height,acceleration,2.0,0.05,0.20218796180803839,1.89742668782651
Wave Height,acceleration,2.0,0.1,0.20157872338303673,1.8917093086289045
Wave Height,acceleration,2.0,0.2,0.20040983155920428,1.880739879381541
Wave Period,position,0.01,0.01,1.461189086150464,0.8313891177127699
Wave Period,position,0.01,0.02,1.4733330968627143,0.8382988314844156
Wave Period,position,0.01,0.05,1.504315489447746,0.8559272303549282
Wave Period,position,0.01,0.1,1.5376989822507916,0.874921810105599
Wave Period,position,0.01,0.2,1.5752628250969882,0.8962949304346572
Wave Period,position,0.05,0.01,1.4563965387247322,0.8286622483338226
Wave Period,position,0.05,0.02,1.4561458558857108,0.8285196145115917
Wave Period,position,0.05,0.05,1.4612537830118921,0.8314259290105351
Wave Period,position,0.05,0.1,1.4734798624599381,0.8383823383498467
Wave Period,position,0.05,0.2,1.495547079337371,0.8509381698599489
Wave Period,position,0.1,0.01,1.457487613156237,0.829283049171692
Wave Period,position,0.1,0.02,1.4564116937415494,0.8286708712534571
Wave Period,position,0.1,0.05,1.456631817023334,0.8287961172621807
Wave Period,position,0.1,0.1,1.4613412806896726,0.831475713544119
Wave Period,position,0.1,0.2,1.473684776129373,0.8384989303751044
Wave Period,position,0.2,0.01,1.458416272370968,0.82981143880484
Wave Period,position,0.2,0.02,1.4575029362812117,0.8292917677417073
Wave Period,position,0.2,0.05,1.4562000651394396,0.828550458557757
Wave Period,position,0.2,0.1,1.4567165696229332,0.8288443398978905
Wave Period,position,0.2,0.2,1.4615330752957592,0.8315848410689874
Wave Period,position,0.5,0.01,1.459133902550661,0.8302197568846793
Wave Period,position,0.5,0.02,1.458656304779572,0.8299480127324057
Wave Period,position,0.5,0.05,1.45755085798039,0.8293190342875478
Wave Period,position,0.5,0.1,1.4565438667020871,0.8287460751829748
Wave Period,position,0.5,0.2,1.4564631650306978,0.8287001574492535
Wave Period,position,1.0,0.01,1.4594039508544887,0.8303734092922884
Wave Period,position,1.0,0.02,1.459149473235509,0.8302286163116082
Wave Period,position,1.0,0.05,1.4584800727221146,0.8298477400051106
Wave Period,position,1.0,0.1,1.4576364107445612,0.829367712201855
Wave Period,position,1.0,0.2,1.456729823930754,0.8288518813498419
Wave Period,position,2.0,0.01,1.459545199117661,0.8304537768983773
Wave Period,position,2.0,0.02,1.4594195618894603,0.830382291677679
Wave Period,position,2.0,0.05,1.4590690492184677,0.8301828565579906
Wave Period,position,2.0,0.1,1.4585663032170342,0.8298968035354714
Wave Period,position,2.0,0.2,1.4578238947032416,0.8294743870493952
Wave Period,velocity,0.01,0.01,1.7903054567610293,1.0186501447627425
Wave Period,velocity,0.01,0.02,1.7659360140963176,1.0047843900645994
Wave Period,velocity,0.01,0.05,1.7289418147640156,0.983735386184888
Wave Period,velocity,0.01,0.1,1.7010251116277342,0.9678513069716572
Wave Period,velocity,0.01,0.2,1.6786699163070071,0.9551316211417001
Wave Period,velocity,0.05,0.01,1.8240277495777937,1.0378374953513265
Wave Period,velocity,0.05,0.02,1.8126533043403283,1.0313656498659745
Wave Period,velocity,0.05,0.05,1.78891258994558,1.0178576297325088
Wave Period,velocity,0.05,0.1,1.765198159232104,1.004364564519519
Wave Period,velocity,0.05,0.2,1.7388191874966445,0.9893554255619512
Wave Period,velocity,0.1,0.01,1.8286488415568507,1.0404668098047074
Wave Period,velocity,0.1,0.02,1.8219351971711382,1.0366468723747202
Wave Period,velocity,0.1,0.05,1.8059106815300963,1.027529224257269
Wave Period,velocity,0.1,0.1,1.787377068355641,1.0169839468176907
Wave Period,velocity,0.1,0.2,1.7643948188447185,1.003907478942969
Wave Period,velocity,0.2,0.01,1.828710574144532,1.0405019344864428
Wave Period,velocity,0.2,0.02,1.8250560539951453,1.0384225812313028
Wave Period,velocity,0.2,0.05,1.8154555247159014,1.0329600605741889
Wave Period,velocity,0.2,0.1,1.802776147655356,1.025745733415966
Wave Period,velocity,0.2,0.2,1.7848431765695165,1.0155422100319367
Wave Period,velocity,0.5,0.01,1.823774204235703,1.037693232818668
Wave Period,velocity,0.5,0.02,1.822257470061988,1.036830239590453
Wave Period,velocity,0.5,0.05,1.817973316023808,1.0343926364905478
Wave Period,velocity,0.5,0.1,1.8115997705047653,1.0307662089213827
Wave Period,velocity,0.5,0.2,1.801062522140282,1.024770712716338
Wave Period,velocity,1.0,0.01,1.8184306825396175,1.0346528694389419
Wave Period,velocity,1.0,0.02,1.8176729336316995,1.0342217245570282
Wave Period,velocity,1.0,0.05,1.815472248882498,1.0329695763105458
Wave Period,velocity,1.0,0.1,1.8120279759047924,1.0310098497431646
Wave Period,velocity,1.0,0.2,1.805861711053916,1.0275013609770325
Wave Period,velocity,2.0,0.01,1.8138611300130347,1.0320528799650082
Wave Period,velocity,2.0,0.02,1.8134860392455652,1.0318394603705257
Wave Period,velocity,2.0,0.05,1.8123806896731571,1.031210537245874
Wave Period,velocity,2.0,0.1,1.8106017631396993,1.0301983614945318
Wave Period,velocity,2.0,0.2,1.8072607790004078,1.02829740433424
Wave Period,acceleration,0.01,0.01,3.1073909129639783,1.7680470063761298
Wave Period,acceleration,0.01,0.02,3.0078555477911597,1.711413254990632
Wave Period,acceleration,0.01,0.05,2.8472394121880757,1.620025693630396
Wave Period,acceleration,0.01,0.1,2.710824341989904,1.542408083473195
Wave Period,acceleration,0.01,0.2,2.5754881893866233,1.465404357142395
Wave Period,acceleration,0.05,0.01,3.2465912235398595,1.8472493659420075
Wave Period,acceleration,0.05,0.02,3.200879960675529,1.8212405168050116
Wave Period,acceleration,0.05,0.05,3.105167063316277,1.766781677737932
Wave Period,acceleration,0.05,0.1,3.0073688138230295,1.7111363125140149
Wave Period,acceleration,0.05,0.2,2.8922003456396217,1.6456076194387128
Wave Period,acceleration,0.1,0.01,3.2697912496421058,1.8604497446027017
Wave Period,acceleration,0.1,0.02,3.2426421479075507,1.8450024161551213
Wave Period,acceleration,0.1,0.05,3.177935966893577,1.8081858157208153
Wave Period,acceleration,0.1,0.1,3.1026222354613795,1.7653337185346587
Wave Period,acceleration,0.1,0.2,3.0067231445874483,1.7107689388584133
Wave Period,acceleration,0.2,0.01,3.27765573508363,1.8649244889560965
Wave Period,acceleration,0.2,0.02,3.262753271215326,1.8564452672012608
Wave Period,acceleration,0.2,0.05,3.2236690230366754,1.8342070648236874
Wave Period,acceleration,0.2,0.1,3.1720069262815116,1.8048123030864343
Wave Period,acceleration,0.2,0.2,3.0981821910539864,1.7628074167456185
Wave Period,acceleration,0.5,0.01,3.2720639991615537,1.8617428963485405
Wave Period,acceleration,0.5,0.02,3.265789465499583,1.8581728046644943
Wave Period,acceleration,0.5,0.05,3.2480726090440353,1.8480922464418572
Wave Period,acceleration,0.5,0.1,3.221705296585425,1.8330897413936067
Wave Period,acceleration,0.5,0.2,3.177955962176473,1.808197192660845
Wave Period,acceleration,1.0,0.01,3.2616919053961118,1.855841370005223
Wave Period,acceleration,1.0,0.02,3.258514166776169,1.8540332964762067
Wave Period,acceleration,1.0,0.05,3.2492803127684673,1.8487794071546155
Wave Period,acceleration,1.0,0.1,3.2348092187448603,1.840545626731083
Wave Period,acceleration,1.0,0.2,3.2088163936062153,1.8257561979270307
Wave Period,acceleration,2.0,0.01,3.251789244560627,1.850206942173085
Wave Period,acceleration,2.0,0.02,3.2501872693588165,1.8492954484025288
Wave Period,acceleration,2.0,0.05,3.245459908938309,1.8466056692039512
Wave Period,acceleration,2.0,0.1,3.2378315883267708,1.8422652981986043
Wave Period,acceleration,2.0,0.2,3.223438292083386,1.834075783249316
